text,font_size,font_name,is_bold,is_italic,x0,y0,x1,y1,page,label
Ontario’s Libraries,15.960000038146973,Arial-Black,0,0,95.44059753417967,72.48301696777344,238.64328002929688,94.41205596923828,1,Title
Working Together,15.960000038146973,Arial-Black,0,0,95.44059753417967,95.0344696044922,235.3698883056641,116.96350860595705,1,Body
RFP: R,32.040000915527344,Arial-Black,0,0,90.02429962158203,157.57330322265625,193.74102783203125,201.59625244140625,1,Body
RFP: R,32.040000915527344,Arial-Black,0,0,90.05634307861328,157.31695556640625,193.7730712890625,201.33990478515625,1,Body
RFP: R,32.040000915527344,Arial-Black,0,0,90.28062438964844,157.57330322265625,193.99734497070312,201.59625244140625,1,Body
RFP: Reeeequest f,32.040000915527344,Arial-Black,0,0,90.31266784667967,157.31695556640625,316.0793151855469,201.59625244140625,1,Body
quest f,32.040000915527344,Arial-Black,0,0,209.4694366455078,157.31695556640625,316.1434020996094,201.33990478515625,1,Body
quest f,32.040000915527344,Arial-Black,0,0,209.66168212890625,157.57330322265625,316.3356628417969,201.59625244140625,1,Body
quest foooor Pr,32.040000915527344,Arial-Black,0,0,209.66168212890625,157.31695556640625,387.115234375,201.59625244140625,1,Body
r Pr,32.040000915527344,Arial-Black,0,0,332.1506042480469,157.31695556640625,387.21136474609375,201.33990478515625,1,Body
r Pr,32.040000915527344,Arial-Black,0,0,332.310791015625,157.57330322265625,387.3715515136719,201.59625244140625,1,Body
r Proposal,32.040000915527344,Arial-Black,0,0,332.34283447265625,157.31695556640625,489.0344543457031,201.59625244140625,1,Body
oposal,32.040000915527344,Arial-Black,0,0,385.3690490722656,157.31695556640625,497.4065246582031,201.33990478515625,1,Body
oposal,32.040000915527344,Arial-Black,0,0,385.52923583984375,157.57330322265625,489.290771484375,201.59625244140625,1,Body
oposal,32.040000915527344,Arial-Black,0,0,385.561279296875,157.31695556640625,489.3228149414063,201.33990478515625,1,Body
To Present a Proposal for Developing,24.0,ArialMT,0,0,131.80059814453125,244.3199920654297,482.0615234375,277.2959899902344,1,Body
the Business Plan for the Ontario,24.0,ArialMT,0,0,131.80059814453125,271.9200134277344,440.57269287109375,304.89599609375,1,Body
Digital Library,24.0,ArialMT,0,0,131.80059814453125,299.52001953125,262.14703369140625,332.4960021972656,1,Body
"March 21, 2003",20.040000915527344,ArialMT,0,0,238.2406005859375,339.0570068359375,379.3942565917969,366.5919799804688,1,Body
"The Ontario Digital Library will make Ontario a better place to study, work and live by ensuring that",9.960000038146973,ComicSansMS,0,0,91.64053344726562,694.532958984375,541.2488403320312,708.218017578125,1,Body
all Ontario citizens have access to the knowledge and learning supports needed to be life-long,9.960000038146973,ComicSansMS,0,0,91.64048767089844,708.45703125,512.33984375,722.14208984375,1,Body
learners and effective contributors towards Ontario’s prosperity.,9.960000038146973,ComicSansMS,0,0,91.64044189453124,722.381103515625,389.4035339355469,736.066162109375,1,Body
Ontario’s Digital Library,20.040000915527344,Arial-Black,0,0,90.04060363769531,89.09701538085938,320.04559326171875,116.63197326660156,2,Body
A Critical Component for Implementing Ontario’s Road Map to,15.960000038146973,ArialMT,0,0,90.04060363769531,117.60289001464844,484.937255859375,139.53192138671875,2,Body
Prosperity Strategy,15.960000038146973,ArialMT,0,0,90.04060363769531,135.95689392089844,214.4951171875,157.88592529296875,2,Body
Summary,12.0,Arial-Black,0,0,96.04060363769533,196.01998901367188,158.74061584472656,212.5079803466797,2,Body
The purpose of this  Request for Proposal  ( RFP ) is to invite firms and/or consultants to,11.039999961853027,ArialMT,0,0,96.04060363769533,226.69200134277344,193.5503387451172,241.8609619140625,2,Body
present a proposal for developing the business plan for the  Ontario Digital Library (ODL).,11.039999961853027,ArialMT,0,0,96.04061889648438,239.2886199951172,375.2377014160156,254.45758056640625,2,Body
The ODL will deliver high-quality library electronic content to all Ontario residents in order to,11.039999961853027,ArialMT,0,0,96.04061889648438,252.00669860839844,525.17333984375,267.1756591796875,2,Body
"assist people as they learn, work, and enhance their quality of life. The business plan to be",11.039999961853027,ArialMT,0,0,96.04061889648438,264.7247619628906,525.2827758789062,279.89373779296875,2,Body
developed is to document and clearly communicate:,11.039999961853027,ArialMT,0,0,96.04061889648438,277.3214111328125,339.90093994140625,292.4903869628906,2,Body
"how the ODL will be implemented, including the timeline",11.039999961853027,ArialMT,0,0,132.04205322265625,302.0399780273437,394.0244445800781,317.2089538574219,2,Body
the financial plan for the implementation,11.039999961853027,ArialMT,0,0,132.04205322265625,314.6366271972656,319.4052124023437,329.8056030273437,2,Body
"the financial plan for the first 2 operating years, including capital and operating costs,",11.039999961853027,ArialMT,0,0,132.04205322265625,327.2332763671875,525.070556640625,342.4022521972656,2,Body
"revenues, etc.",11.039999961853027,ArialMT,0,0,132.63821411132812,339.95135498046875,201.36663818359372,355.1203308105469,2,Body
a financial forecast for the succeeding 2 operating years,11.039999961853027,ArialMT,0,0,132.04200744628906,352.5480041503906,393.6560363769531,367.7169799804688,2,Body
the services and products to be delivered by the ODL,11.039999961853027,ArialMT,0,0,132.04200744628906,365.2660827636719,381.3063049316406,380.43505859375,2,Body
how the ODL will operate and be managed following the implementation,11.039999961853027,ArialMT,0,0,132.04200744628906,377.86273193359375,468.6138305664063,393.0317077636719,2,Body
"who will be involved, and what their role/responsibility will be, for both the",11.039999961853027,ArialMT,0,0,132.04200744628906,390.4593811035156,525.1600341796875,405.62835693359375,2,Body
implementation and operational stages,11.039999961853027,ArialMT,0,0,132.63816833496094,403.1774597167969,315.5666198730469,418.346435546875,2,Body
the marketing and communications plan for the ODL,11.039999961853027,ArialMT,0,0,132.04200744628906,415.7741088867188,377.3706970214844,430.9430847167969,2,Body
This business plan must be completed and approved by the ODL Steering Committee no,11.039999961853027,ArialMT,0,0,96.0405731201172,441.0998229980469,525.2114868164062,456.2688293457031,2,Body
"later than September 30, 2003",11.039999961853027,ArialMT,0,0,96.04061126708984,453.6964721679688,240.4492950439453,468.8654479980469,2,Body
Timeline:,11.039999961853027,Arial-ItalicMT,0,1,96.04061126708984,478.4702453613281,141.51548767089844,493.41839599609375,2,Body
Those firms/consultants intended to submit a proposal to this RFP must indicate their,11.039999961853027,ArialMT,0,0,96.04061126708984,503.0121154785156,525.232421875,518.1810913085938,2,Body
intention to do so in an e-mail to Michael Ridley ( mridley@uoguelph.ca ) by  April 11 th .,11.039999961853027,ArialMT,0,0,96.04061126708984,515.7302856445312,320.7654113769531,530.8992309570312,2,Body
"Proposals may be e-mailed, mailed, couriered or faxed to: Larry Moore",11.039999961853027,ArialMT,0,0,96.04110717773438,540.369140625,426.18060302734375,555.5380859375,2,Body
"( lmoore@accessola.com ), Executive Director, The Ontario Library Association,  100 Lombard",11.039999961853027,ArialMT,0,0,96.04110717773438,552.9657592773438,99.7174301147461,568.1347045898438,2,Body
"St., Suite 303, Toronto, ON  M5C 1M3.  Proposals must be received by  Noon on Monday,",9.960000038146973,ArialMT,0,0,96.04574584960938,566.8519287109375,266.8727111816406,580.5369262695312,2,Body
"April 21, 2003.",11.039999961853027,Arial-BoldItalicMT,1,1,96.03964233398438,578.3106689453125,169.33645629882812,593.5679931640625,2,H3
Those proposals that are short-listed will be invited to discuss their proposal during the week,11.039999961853027,ArialMT,0,0,96.03964233398438,603.0072021484375,524.9611206054688,618.1761474609375,2,Body
"of  April 28, 2003 . No presentation will be expected. Firms or consultants invited to an",11.039999961853027,ArialMT,0,0,96.03964233398438,615.6038208007812,107.55657958984376,630.7727661132812,2,Body
interview will be expected to discuss the project and their approach with the selection,11.039999961853027,ArialMT,0,0,96.0396499633789,628.3219604492188,525.25830078125,643.4909057617188,2,Body
committee .,11.039999961853027,ArialMT,0,0,96.0396499633789,640.9185791015625,144.86074829101562,656.0875244140625,2,Body
"Contracts with the firm/consultant will be signed the week of  May 5, 2003  with the work to",11.039999961853027,ArialMT,0,0,96.03965759277344,665.5156860351562,382.7052917480469,680.6846313476562,2,Body
commence as soon as possible thereafter.,11.039999961853027,ArialMT,0,0,96.05068969726562,678.2337646484375,295.826171875,693.4027099609375,2,Body
RFP: To Develop the Ontario Digital Library Business Plan,7.559999942779541,Arial-BoldItalicMT,1,1,90.04060363769531,732.7681274414062,284.27362060546875,743.216064453125,2,Body
March 2003,7.559999942779541,Arial-BoldItalicMT,1,1,296.70526123046875,732.7681274414062,340.93426513671875,743.216064453125,2,Body
2222,9.0,Arial-BlackItalic,0,1,516.3976440429688,731.2498779296875,522.6436157226562,743.678955078125,2,Body
Please note that we reserve the right not to select any of the submitted proposals and may,11.039999961853027,ArialMT,0,0,96.04060363769533,70.33201599121094,525.3009033203125,85.50096893310547,3,Body
seek further response to these Terms of Reference.,11.039999961853027,ArialMT,0,0,96.04060363769533,82.92863464355469,338.430419921875,98.09758758544922,3,Body
"If you require further information or have any questions, please contact Michael Ridley by e-",11.039999961853027,ArialMT,0,0,96.04060363769533,107.64720153808594,522.0972290039062,122.81615447998048,3,Body
mail ( mridley@uoguelph.ca )  only  by  3:00 p.m. on Friday April 18th . All questions and,11.039999961853027,ArialMT,0,0,96.04060363769533,120.24382019042967,123.59423065185548,135.41278076171875,3,Body
responses will be shared with those who have indicated that they will be submitting a,11.039999961853027,ArialMT,0,0,96.01852416992188,132.96189880371094,525.1431884765625,148.130859375,3,Body
"proposal. Please note, that firms/consultants who have not indicated in an e-mail to Michael",11.039999961853027,ArialMT,0,0,96.01852416992188,145.5585174560547,525.0072021484375,160.72747802734375,3,Body
Ridley by April 11 th  that they will be submitting a proposal will not receive any further,11.039999961853027,ArialMT,0,0,96.01852416992188,158.15513610839844,185.20957946777344,173.3240966796875,3,Body
information or question responses.,11.039999961853027,ArialMT,0,0,96.0362777709961,170.8900604248047,259.26715087890625,186.05902099609372,3,Body
Background,12.0,Arial-Black,0,0,96.04060363769533,206.45999145507807,174.08502197265625,222.94798278808597,3,Body
"First, some background on the ODL. For the last two years the Ontario Library Association",11.039999961853027,ArialMT,0,0,90.04060363769531,237.2519989013672,525.2298583984375,252.42095947265625,3,Body
"has acted as a catalyst, bringing together the stakeholders needed to create the Ontario",11.039999961853027,ArialMT,0,0,90.04060363769531,249.8486175537109,525.1958618164062,265.017578125,3,Body
"Digital Library (ODL). These stakeholders include Ontario’s 5000+ public libraries, university,",11.039999961853027,ArialMT,0,0,90.04060363769531,262.4452209472656,525.1642456054688,277.6141967773437,3,Body
"college, and school libraries, as well as Ontario government ministries.",11.039999961853027,ArialMT,0,0,90.04060363769531,275.1632995605469,418.0315551757813,290.332275390625,3,Body
Libraries that serve very different clientele recognize that by working together they can create,11.039999961853027,ArialMT,0,0,90.04060363769531,299.7604064941406,525.2265625,314.92938232421875,3,Body
"seamless access to quality electronic library services. Through the ODL, students will be",11.039999961853027,ArialMT,0,0,90.04060363769531,312.4784851074219,525.020751953125,327.6474609375,3,Body
"able to explore a topic at school, use the same child-safe resources after school (either at",11.039999961853027,ArialMT,0,0,90.04060363769531,325.0751342773437,525.2889404296875,340.2441101074219,3,Body
"home or at a public library), enter college or university with a knowledge of how to use",11.039999961853027,ArialMT,0,0,90.04060363769531,337.6717834472656,525.1114501953125,352.8407592773437,3,Body
"electronic resources that are still available and then, after graduation, continue to use these",11.039999961853027,ArialMT,0,0,90.04060363769531,350.3898620605469,525.0947265625,365.558837890625,3,Body
skills and resources at work or at home.,11.039999961853027,ArialMT,0,0,90.04060363769531,362.9865112304688,276.8925170898437,378.1554870605469,3,Body
We are moving into a period of convergence. With convergence we no longer have to license,11.039999961853027,ArialMT,0,0,90.04060363769531,387.705078125,525.080322265625,402.8740539550781,3,Body
commercial products as individual libraries or institutions. We can work together to spend our,11.039999961853027,ArialMT,0,0,90.04060363769531,400.3017272949219,525.2718505859375,415.470703125,3,Body
money wisely. The provincial government has made this possible by working hard to provide,11.039999961853027,ArialMT,0,0,90.04060363769531,412.89837646484375,524.941650390625,428.0673522949219,3,Body
"all Ontarians with a stable, high-speed communications infrastructure. While there is still a",11.039999961853027,ArialMT,0,0,90.04060363769531,425.616455078125,525.2947998046875,440.7854309082031,3,Body
"great deal of work needed to improve this infrastructure, libraries are beginning to plan how",11.039999961853027,ArialMT,0,0,90.04060363769531,438.2131042480469,525.3268432617188,453.382080078125,3,Body
best to exploit communications technology. We can reduce barriers to access and create the,11.039999961853027,ArialMT,0,0,90.04060363769531,450.9311828613281,525.2803955078125,466.1001586914063,3,Body
content infrastructure needed to support a knowledge society.,11.039999961853027,ArialMT,0,0,90.04060363769531,463.52783203125,377.9284973144531,478.6968078613281,3,Body
"The concept of an ODL is a key element in  The Roadmap to Prosperity , a strategic plan to",11.039999961853027,ArialMT,0,0,90.04060363769531,488.12493896484375,290.7567443847656,503.2939147949219,3,Body
envision and attain Ontario’s economic goal prepared by the Ontario Jobs and Investment,11.039999961853027,ArialMT,0,0,90.04061889648438,500.8430480957031,507.8970947265625,516.0120239257812,3,Body
Board. The OJIB strategic plan recommends an electronic library to “connect students to new,11.039999961853027,ArialMT,0,0,90.04061889648438,513.439697265625,523.6620483398438,528.608642578125,3,Body
"workplaces, new sources of information and applied learning opportunities”. The ODL will do",11.039999961853027,ArialMT,0,0,90.04061889648438,526.1577758789062,519.17431640625,541.3267211914062,3,Body
"that and much more. The ODL will connect students to electronic information, and will also",11.039999961853027,ArialMT,0,0,90.04061889648438,538.75439453125,512.2785034179688,553.92333984375,3,Body
leverage this investment to help connect all citizens to the electronic information they need as,11.039999961853027,ArialMT,0,0,90.04061889648438,551.3510131835938,523.3850708007812,566.5199584960938,3,Body
"they make decisions, solve problems and enhance their quality of life.",11.039999961853027,ArialMT,0,0,90.04061889648438,564.0691528320312,413.5426635742188,579.2380981445312,3,Body
Libraries have long been a key delivery point for public services. The ODL will allow that,11.039999961853027,ArialMT,0,0,90.04061889648438,589.3948974609375,497.9324340820313,604.5638427734375,3,Body
"delivery point to move closer to citizens, into the smallest of libraries and even into living",11.039999961853027,ArialMT,0,0,90.04061889648438,601.9915161132812,497.4020080566406,617.1604614257812,3,Body
rooms.,11.039999961853027,ArialMT,0,0,90.04061889648438,614.7095947265625,125.32776641845705,629.8785400390625,3,Body
"Libraries have a long tradition of using a practical, consultative approach to solving problems,",11.039999961853027,ArialMT,0,0,90.04061889648438,639.9138793945312,522.2407836914062,655.0828247070312,3,Body
and of learning from others. The ODL is a very practical solution to various problems.,11.039999961853027,ArialMT,0,0,90.04061889648438,652.6320190429688,487.7761535644531,667.8009643554688,3,Body
Jurisdiction-wide digital libraries are very practical and very real. The ODL we propose is,11.039999961853027,ArialMT,0,0,90.04061889648438,677.957763671875,500.1556701660156,693.126708984375,3,Body
leading edge for Ontario but several jurisdictions have forged the path with collaborative,11.039999961853027,ArialMT,0,0,90.04061889648438,690.5543823242188,497.249755859375,705.7233276367188,3,Body
"digital libraries. We can learn from their experiences. For example, The Alberta Library (TAL)",11.039999961853027,ArialMT,0,0,90.04061889648438,703.1510620117188,520.16357421875,718.3200073242188,3,Body
RFP: To Develop the Ontario Digital Library Business Plan,7.559999942779541,Arial-BoldItalicMT,1,1,90.04060363769531,732.7681274414062,284.27362060546875,743.216064453125,3,Body
March 2003,7.559999942779541,Arial-BoldItalicMT,1,1,296.70526123046875,732.7681274414062,340.93426513671875,743.216064453125,3,Body
3333,9.0,Arial-BlackItalic,0,1,516.3976440429688,731.2498779296875,522.6436157226562,743.678955078125,3,Body
was incorporated in 1997 as a province-wide library consortium. TAL works collaboratively,11.039999961853027,ArialMT,0,0,90.03279876708984,70.24369812011719,509.2923278808594,85.41265106201172,4,Body
with its members to promote universal access to materials and resources in more than 250,11.039999961853027,ArialMT,0,0,90.0327377319336,82.84031677246094,512.0611572265625,98.00926971435548,4,Body
"public, post-secondary, special, government and regional libraries. Unlike ODL, TAL does",11.039999961853027,ArialMT,0,0,90.0327377319336,95.5583953857422,509.27435302734375,110.72734832763672,4,Body
"not include elementary or secondary schools. However, the timeline and funding we are",11.039999961853027,ArialMT,0,0,90.0327377319336,108.15501403808594,498.2110290527344,123.32396697998048,4,Body
proposing for ODL is comparable to TAL‘s experience. TAL’s business planning took several,11.039999961853027,ArialMT,0,0,90.0327377319336,120.8730926513672,520.1873168945312,136.04205322265625,4,Body
years. TAL’s implementation plan was supported by 8 million dollars in provincially shared,11.039999961853027,ArialMT,0,0,90.0327377319336,133.46971130371094,510.2393493652344,148.638671875,4,Body
"funding, spread over three years, later revised to 15 million dollars over 4 years. Not only is",11.039999961853027,ArialMT,0,0,90.0327377319336,146.0663299560547,511.9315490722656,161.23529052734375,4,Body
"Alberta’s population 30% of Ontario’s, TAL does not include elementary or secondary",11.039999961853027,ArialMT,0,0,90.0327377319336,158.78440856933594,487.06298828125,173.953369140625,4,Body
schools as partners; it has 250 member libraries. ODL envisions universal access for all,11.039999961853027,ArialMT,0,0,90.0327377319336,171.3810272216797,497.3779296875,186.54998779296875,4,Body
"10,000,000 Ontarians, with more than 5000 Ontario libraries as partners. Although ODL can",11.039999961853027,ArialMT,0,0,90.0327377319336,184.0991058349609,520.2164306640625,199.26806640625,4,Body
"learn from TAL’s practices, the scope of planning and implementing ODL is much larger than",11.039999961853027,ArialMT,0,0,90.0327377319336,196.6957244873047,521.2637329101562,211.86468505859372,4,Body
TAL.,11.039999961853027,ArialMT,0,0,90.0327377319336,209.29234313964844,115.43910217285156,224.4613037109375,4,Body
The ODL will be a partnership-based organization providing seamless electronic information,11.039999961853027,ArialMT,0,0,90.0327377319336,234.6180877685547,525.2237548828125,249.78704833984372,4,Body
services and resources to the citizens of Ontario. It will use local libraries as the entry point for,11.039999961853027,ArialMT,0,0,90.0327377319336,247.33616638183597,525.0750122070312,262.505126953125,4,Body
common resources The ODL will recognize the unique responsibilities and needs of public,11.039999961853027,ArialMT,0,0,90.0327377319336,259.9327697753906,525.115478515625,275.10174560546875,4,Body
"libraries, school libraries, college and university libraries and special libraries. The ODL",11.039999961853027,ArialMT,0,0,90.0327377319336,272.6508483886719,525.2161254882812,287.81982421875,4,Body
"envisions a digital network of information resources, allowing members to collaborate when",11.039999961853027,ArialMT,0,0,90.0327377319336,285.2474975585937,525.1889038085938,300.4164733886719,4,Body
there is mutual benefit and to support the common mandates of local libraries.,11.039999961853027,ArialMT,0,0,90.0327377319336,297.8441467285156,452.7400512695313,313.0131225585937,4,Body
The principles which will define and guide the ODL are:,11.039999961853027,ArialMT,0,0,90.0327377319336,322.5627136230469,347.9126281738281,337.731689453125,4,Body
Equitable access for all Ontarians:,11.039999961853027,Arial-BoldItalicMT,1,1,90.0327377319336,347.1819152832031,264.71533203125,362.4391784667969,4,H3
"We will bring consistent, high-quality electronic resources and services to 10 million",11.039999961853027,ArialMT,0,0,108.02793884277344,371.8783874511719,525.0982055664062,387.04736328125,4,Body
Ontario citizens,11.039999961853027,ArialMT,0,0,108.02793884277344,384.47503662109375,183.00833129882807,399.6440124511719,4,Body
We will eliminate barriers to the access to information and create more consistent,11.039999961853027,ArialMT,0,0,108.02793884277344,409.0721435546875,524.9678344726562,424.2411193847656,4,Body
services for library clients.,11.039999961853027,ArialMT,0,0,108.02793884277344,421.7902221679688,230.3323974609375,436.9591979980469,4,Body
Shared decision-making and accountability:,11.039999961853027,Arial-BoldItalicMT,1,1,90.0327377319336,446.409423828125,313.0958557128906,461.6666870117188,4,H3
We will facilitate consensus among members regarding ODL’s portfolio of electronic,11.039999961853027,ArialMT,0,0,108.02793884277344,471.10589599609375,525.2108764648438,486.2748718261719,4,Body
licenses and services,11.039999961853027,ArialMT,0,0,108.02793884277344,483.7025451660156,210.46041870117188,498.87152099609375,4,Body
We will balance the interests and realities of small and large as well as rich and poor,11.039999961853027,ArialMT,0,0,108.02793884277344,508.2996520996094,525.2137451171875,523.4686279296875,4,Body
communities and institutions.,11.039999961853027,ArialMT,0,0,108.02793884277344,521.0177612304688,245.1602020263672,536.1867065429688,4,Body
Shared governance structure:,11.039999961853027,Arial-BoldItalicMT,1,1,90.0327377319336,545.6369018554688,242.67735290527344,560.8942260742188,4,H3
We will share decision-making in order to enable the people we serve.,11.039999961853027,ArialMT,0,0,108.02793884277344,570.3334350585938,435.1123046875,585.5023803710938,4,Body
We will work based on an underlying assumption of trust and synergy.,11.039999961853027,ArialMT,0,0,108.02793884277344,594.9306030273438,434.6885986328125,610.0995483398438,4,Body
Shared funding:,11.039999961853027,Arial-BoldItalicMT,1,1,90.0327377319336,619.5497436523438,173.76779174804688,634.8070678710938,4,H3
"We will leverage provincial, institutional, and local dollars to realize economies of scale",11.039999961853027,ArialMT,0,0,108.02793884277344,644.2462768554688,525.2606811523438,659.4152221679688,4,Body
and put Ontario dollars to work for everyone .,11.039999961853027,ArialMT,0,0,108.02793884277344,656.8428955078125,311.3253173828125,672.0118408203125,4,Body
We will be willing to pool talents and dollars in order to provide common services that are,11.039999961853027,ArialMT,0,0,108.0279541015625,681.5614624023438,525.2537841796875,696.7304077148438,4,Body
truly greater than those that can be maintained by individual institutions.,11.039999961853027,ArialMT,0,0,108.0279541015625,694.1580810546875,441.34124755859375,709.3270263671875,4,Body
RFP: To Develop the Ontario Digital Library Business Plan,7.559999942779541,Arial-BoldItalicMT,1,1,90.04060363769531,732.7681274414062,284.27362060546875,743.216064453125,4,Body
March 2003,7.559999942779541,Arial-BoldItalicMT,1,1,296.70526123046875,732.7681274414062,340.93426513671875,743.216064453125,4,Body
4444,9.0,Arial-BlackItalic,0,1,516.3976440429688,731.2498779296875,522.6436157226562,743.678955078125,4,Body
Local points of entry:,11.039999961853027,Arial-BoldItalicMT,1,1,89.99970245361328,70.25466918945312,199.45578002929688,85.51200866699219,5,H3
"We will provide the licenses, infrastructure, services and support that enable local",11.039999961853027,ArialMT,0,0,114.00066375732422,95.5583953857422,492.2101745605469,110.72734832763672,5,Body
"libraries to provide exceptional services to their clientele. ODL will focus on support,",11.039999961853027,ArialMT,0,0,114.00066375732422,108.15501403808594,501.64947509765625,123.32396697998048,5,Body
"providing the underpinning, not overshadowing.",11.039999961853027,ArialMT,0,0,114.00066375732422,120.8730926513672,336.6873779296875,136.04205322265625,5,Body
Services envisioned for the ODL’s include:,11.039999961853027,ArialMT,0,0,89.99970245361328,146.0774383544922,289.30035400390625,161.24639892578125,5,Body
Access:,11.039999961853027,Arial-BoldItalicMT,1,1,89.99970245361328,171.42526245117188,135.23721313476562,186.6825408935547,5,H3
"to the “deep” web (i.e. Commercial, purchased electronic services)",11.039999961853027,ArialMT,0,0,107.99490356445312,184.1212615966797,434.3980407714844,199.29022216796875,5,Body
to credible web sites and electronic resources,11.039999961853027,ArialMT,0,0,107.99490356445312,196.71788024902344,333.8037109375,211.8868408203125,5,Body
to digital government information,11.039999961853027,ArialMT,0,0,107.99490356445312,209.3144989013672,270.7211608886719,224.48345947265625,5,Body
to local digital collections,11.039999961853027,ArialMT,0,0,107.99490356445312,222.03257751464844,232.20823669433597,237.20166015625,5,Body
Guidance and Advice:,11.039999961853027,Arial-BoldItalicMT,1,1,89.99970245361328,247.38052368164065,208.70950317382807,262.6377868652344,5,H3
to support e-learning,11.039999961853027,ArialMT,0,0,107.99490356445312,259.9550476074219,211.9762115478516,275.1240234375,5,Body
"to support citizens, in real-time, as they try to use electronic resources",11.039999961853027,ArialMT,0,0,107.99490356445312,272.6731262207031,451.6832885742188,287.84210205078125,5,Body
to assist citizens as they use web-links,11.039999961853027,ArialMT,0,0,107.99490356445312,285.269775390625,299.4140930175781,300.4387512207031,5,Body
Training:,11.039999961853027,Arial-BoldItalicMT,1,1,89.99970245361328,297.8885192871094,140.15774536132812,313.1457824707031,5,H3
for library workers,11.039999961853027,ArialMT,0,0,107.99490356445312,310.5845031738281,198.5450439453125,325.75347900390625,5,Body
for the general public,11.039999961853027,ArialMT,0,0,107.99490356445312,323.18115234375,213.89602661132807,338.3501281738281,5,Body
Provincial Purchasing & Licensing:,11.039999961853027,Arial-BoldItalicMT,1,1,89.99970245361328,348.52899169921875,277.6289367675781,363.7862548828125,5,H3
of electronic content on a consortia basis for all member libraries,11.039999961853027,ArialMT,0,0,107.99490356445312,361.1035461425781,425.2016296386719,376.27252197265625,5,Body
Technological Support:,11.039999961853027,Arial-BoldItalicMT,1,1,89.99970245361328,386.4513854980469,215.8800201416016,401.7086486816406,5,H3
of common standards for the preservation and archiving local digital content,11.039999961853027,ArialMT,0,0,107.99490356445312,399.1473693847656,479.6541442871094,414.31634521484375,5,Body
of a common interface to ODL resources and services that can be imbedded in local,11.039999961853027,ArialMT,0,0,107.99490356445312,411.7440185546875,520.0985107421875,426.9129943847656,5,Body
library web sites,11.039999961853027,ArialMT,0,0,107.99490356445312,424.3406372070313,189.89730834960935,439.5096435546875,5,Body
What could the ODL really mean?,11.039999961853027,Arial-Black,0,0,89.99971008300781,466.4582214355469,270.22772216796875,481.6272277832031,5,Body
For each Ontario citizen it could mean:,11.039999961853027,Arial-BoldMT,1,0,89.99969482421875,491.9496154785156,286.3184509277344,507.1517028808594,5,H3
One local point of entry to access seamless electronic library services and,11.039999961853027,ArialMT,0,0,162.0025634765625,504.7339172363281,506.52783203125,519.9028930664062,5,Body
"resources for their personal, educational and professional needs;",11.039999961853027,ArialMT,0,0,162.0025634765625,517.3306274414062,464.945556640625,532.4995727539062,5,Body
"Access to credible, high-quality, user-friendly electronic services through their",11.039999961853027,ArialMT,0,0,162.0025634765625,530.0486450195312,521.646240234375,545.2175903320312,5,Body
"community, school, or academic library;",11.039999961853027,ArialMT,0,0,162.0025634765625,542.645263671875,348.546630859375,557.8142700195312,5,Body
Confidence that the electronic services and sources they – and their children,11.039999961853027,ArialMT,0,0,162.00259399414062,555.2418823242188,518.459716796875,570.4108276367188,5,Body
"– are using are safe, valid, and bringing them both global and local",11.039999961853027,ArialMT,0,0,162.00259399414062,567.9599609375,472.1748352050781,583.1289672851562,5,Body
perspectives;,11.039999961853027,ArialMT,0,0,162.00259399414062,580.556640625,226.6826171875,595.7255859375,5,Body
Electronic information and tools that enhance job skills and the learning,11.039999961853027,ArialMT,0,0,162.00259399414062,593.2747192382812,525.0814819335938,608.4437255859375,5,Body
experience,11.039999961853027,ArialMT,0,0,162.00257873535156,605.8713989257812,216.42759704589844,621.0403442382812,5,Body
For each Ontario student it could mean:,11.039999961853027,Arial-BoldMT,1,0,89.99970245361328,630.4022827148438,291.7281188964844,645.6043701171875,5,H3
"One local point of entry to quality, curriculum- based electronic information",11.039999961853027,ArialMT,0,0,162.00257873535156,643.1865844726562,507.1893615722656,658.3555297851562,5,Body
resources and services,11.039999961853027,ArialMT,0,0,162.00257873535156,655.7832641601562,272.8199157714844,670.9522094726562,5,Body
"Connection to their individual educational environment, whether at the",11.039999961853027,ArialMT,0,0,162.00257873535156,668.5013427734375,487.6208801269531,683.6702880859375,5,Body
"elementary, secondary or post-secondary levels",11.039999961853027,ArialMT,0,0,162.00257873535156,681.0979614257812,387.0883483886719,696.2669067382812,5,Body
RFP: To Develop the Ontario Digital Library Business Plan,7.559999942779541,Arial-BoldItalicMT,1,1,90.04060363769531,732.7681274414062,284.27362060546875,743.216064453125,5,Body
March 2003,7.559999942779541,Arial-BoldItalicMT,1,1,296.70526123046875,732.7681274414062,340.93426513671875,743.216064453125,5,Body
5555,9.0,Arial-BlackItalic,0,1,516.3976440429688,731.2498779296875,522.6436157226562,743.678955078125,5,Body
"Confidence that the services and resources people are using are credible,",11.039999961853027,ArialMT,0,0,162.0402069091797,70.33201599121094,506.4151611328125,85.50096893310547,6,Body
available when they need them and adaptable to different learning styles,11.039999961853027,ArialMT,0,0,162.0402069091797,82.92863464355469,499.9885864257813,98.09758758544922,6,Body
For each Ontario library it could mean:,11.039999961853027,Arial-BoldMT,1,0,90.0373306274414,108.18817901611328,285.7268371582031,123.3902587890625,6,H3
One point of entry for themselves and their clientele to quality electronic,11.039999961853027,ArialMT,0,0,162.0402069091797,120.97251892089844,494.8952941894531,136.1414794921875,6,Body
"resources and services that support and enhance their collections, programs",11.039999961853027,ArialMT,0,0,162.0402069091797,133.5691375732422,518.6257934570312,148.73809814453125,6,Body
and services,11.039999961853027,ArialMT,0,0,162.0402069091797,146.16575622558594,223.9127349853516,161.334716796875,6,Body
"The opportunity to show case their local community, collections, services, and",11.039999961853027,ArialMT,0,0,162.0402069091797,158.8838348388672,524.2151489257812,174.05279541015625,6,Body
expertise,11.039999961853027,ArialMT,0,0,162.0402069091797,171.4803924560547,207.581298828125,186.6494140625,6,Body
"The opportunity to gain from the provincial, collaborative partnership in order",11.039999961853027,ArialMT,0,0,162.0402069091797,184.19847106933597,517.1145629882812,199.367431640625,6,Body
to provide a seamless gateway to digital resources and services,11.039999961853027,ArialMT,0,0,162.0402069091797,196.7950897216797,460.6179809570313,211.96417236328125,6,Body
For the Ontario government it could mean:,11.039999961853027,Arial-BoldMT,1,0,90.03731536865234,222.05474853515625,305.8749084472656,237.2568359375,6,H3
"A  point of entry to information services and resources for all Ontario citizens,",11.039999961853027,Arial-ItalicMT,0,1,162.0402069091797,234.7728271484375,169.4038848876953,249.7209930419922,6,Body
connecting to portal initiatives .,11.039999961853027,ArialMT,0,0,162.0402069091797,247.4357147216797,298.555419921875,262.60467529296875,6,Body
Support of the Ontario E-Learning strategy through a collaborative digital,11.039999961853027,ArialMT,0,0,162.0402069091797,260.0323181152344,500.0610961914063,275.2012939453125,6,Body
library initiative that positions Ontario on the global e-learning scene,11.039999961853027,ArialMT,0,0,162.0402069091797,272.7503967285156,477.5062561035156,287.9193725585937,6,Body
Improved access and flexibility for all students at all ages and stages,11.039999961853027,ArialMT,0,0,162.0402069091797,285.3470458984375,481.3316040039063,300.5160217285156,6,Body
(supports Ontario’s lifelong learning strategy),11.039999961853027,ArialMT,0,0,162.0402069091797,297.9436950683594,372.278076171875,313.1126708984375,6,Body
The opportunity to address emerging job skills shortages and facilitate school,11.039999961853027,ArialMT,0,0,162.0402069091797,310.6617736816406,521.1195678710938,325.83074951171875,6,Body
to work and job to job transitions with the necessary information and,11.039999961853027,ArialMT,0,0,162.0402069091797,323.2584228515625,478.755859375,338.4273986816406,6,Body
knowledge supports and tools,11.039999961853027,ArialMT,0,0,162.0402069091797,335.9765014648437,303.7308044433594,351.1454772949219,6,Body
ODL will be an incorporated non-profit organization governed by a Board of Directors elected,11.039999961853027,ArialMT,0,0,90.0373306274414,361.1807861328125,525.3943481445312,376.3497924804688,6,Body
by a voting membership. The Board will include representatives from all stakeholders. We,11.039999961853027,ArialMT,0,0,90.0483627319336,373.89886474609375,525.2979736328125,389.0678405761719,6,Body
envision a governance model similar to that prepared for the province’s ORION network.,11.039999961853027,ArialMT,0,0,90.0483627319336,386.4955139160156,500.75494384765625,401.66448974609375,6,Body
"More information regarding the envisioned phasing, funding and resources required for the",11.039999961853027,ArialMT,0,0,90.0483627319336,411.2140808105469,525.143798828125,426.383056640625,6,Body
ODL can be found in the appendixes.,11.039999961853027,ArialMT,0,0,90.0483627319336,423.8107299804688,265.93316650390625,438.9797058105469,6,Body
The Business Plan to be Developed,12.0,Arial-Black,0,0,96.04060363769533,459.4200134277344,314.086669921875,475.9080200195313,6,Body
The business plan which needs to be developed for the ODL must be a formal business plan,11.039999961853027,ArialMT,0,0,90.04060363769531,501.7319030761719,521.1976318359375,516.90087890625,6,Body
"that documents and clearly communicates the ODL’s services, funding and governance",11.039999961853027,ArialMT,0,0,90.04060363769531,514.3285522460938,497.7101440429688,529.4974975585938,6,Body
"structures, as well as implementation plans for 2004-2005, and operational plans for 2005-",11.039999961853027,ArialMT,0,0,90.04060363769531,526.9252319335938,507.4368591308594,542.0941772460938,6,Body
"2007. The planning process must also secure the full commitment of all stakeholders, as",11.039999961853027,ArialMT,0,0,90.04060363769531,539.643310546875,504.0751647949219,554.812255859375,6,H1
represented on the Steering Committee.,11.039999961853027,ArialMT,0,0,90.04060363769531,552.2399291992188,279.1923522949219,567.4088745117188,6,Body
"Specifically, the business plan must include:",11.039999961853027,ArialMT,0,0,90.04060363769531,576.3623657226562,296.4179077148437,591.5313110351562,6,Body
"how the ODL will be implemented, including the timeline",11.039999961853027,ArialMT,0,0,132.03675842285156,601.6881103515625,394.0191345214844,616.8570556640625,6,Body
the financial plan for the implementation,11.039999961853027,ArialMT,0,0,132.03675842285156,614.4061889648438,319.39990234375,629.5751342773438,6,Body
"the financial plan for the first 2 operating years, including capital and operating costs,",11.039999961853027,ArialMT,0,0,132.03675842285156,627.0028076171875,525.0653076171875,642.1717529296875,6,Body
"revenues, etc.",11.039999961853027,ArialMT,0,0,135.03964233398438,639.5994262695312,203.7637481689453,654.7683715820312,6,Body
a financial forecast for the succeeding 2 operating years,11.039999961853027,ArialMT,0,0,132.03680419921875,652.3175659179688,393.6617736816406,667.4865112304688,6,Body
the services and products to be delivered by the ODL,11.039999961853027,ArialMT,0,0,132.03677368164062,664.9141845703125,381.3010559082031,680.0831298828125,6,Body
how the ODL will operate and be managed following the implementation,11.039999961853027,ArialMT,0,0,132.03677368164062,677.6322631835938,468.6086120605469,692.8012084960938,6,Body
"who will be involved, and what their role/responsibility will be, for both the",11.039999961853027,ArialMT,0,0,132.03677368164062,690.2288818359375,525.164794921875,705.3978271484375,6,Body
implementation and operational stages,11.039999961853027,ArialMT,0,0,130.6016082763672,702.8255004882812,313.5300598144531,717.9944458007812,6,Body
RFP: To Develop the Ontario Digital Library Business Plan,7.559999942779541,Arial-BoldItalicMT,1,1,90.04060363769531,732.7681274414062,284.27362060546875,743.216064453125,6,Body
March 2003,7.559999942779541,Arial-BoldItalicMT,1,1,296.70526123046875,732.7681274414062,340.93426513671875,743.216064453125,6,Body
6666,9.0,Arial-BlackItalic,0,1,516.3976440429688,731.2498779296875,522.6436157226562,743.678955078125,6,Body
the marketing and communications plan for the ODL,11.039999961853027,ArialMT,0,0,132.0408935546875,70.33201599121094,377.36956787109375,85.50096893310547,7,Body
the commitment of all stakeholders to their responsibilities,11.039999961853027,ArialMT,0,0,132.0408935546875,82.92863464355469,401.88482666015625,98.09758758544922,7,Body
The process of developing this business plan must be extremely consultative to ensure that,11.039999961853027,ArialMT,0,0,90.04473876953125,108.25437927246094,514.4744262695312,123.42333221435548,7,Body
all stakeholders are engaged in creating a synergistic ODL organization.  The proposal must,11.039999961853027,ArialMT,0,0,90.04473876953125,120.9724578857422,426.0980224609375,136.14141845703125,7,Body
indicate how this consultative process will be approached.,11.039999961853027,Arial-ItalicMT,0,1,90.04473876953125,133.624267578125,360.5455932617188,148.5724334716797,7,Body
"The business plan for the ODL must address significant issues. There are, for example,",11.039999961853027,ArialMT,0,0,90.04473876953125,158.8948211669922,496.5543212890625,174.06378173828125,7,Body
enormous differences in the financial resources available to libraries mandated to provide,11.039999961853027,ArialMT,0,0,90.04473876953125,171.49143981933594,504.7713928222656,186.660400390625,7,Body
"similar services. Some post-secondary and public libraries, particularly those in large urban",11.039999961853027,ArialMT,0,0,90.04473876953125,184.2095184326172,512.6803588867188,199.37847900390625,7,Body
"areas, have the facilities, funding and technological infrastructure necessary to service their",11.039999961853027,ArialMT,0,0,90.04473876953125,196.8061370849609,513.225341796875,211.97509765625,7,Body
"patrons with electronic services and resources.  Many others, particularly in rural regions, do",11.039999961853027,ArialMT,0,0,90.04473876953125,209.4027557373047,518.1613159179688,224.57171630859372,7,Body
not.  The proposal must indicate how these issues will be approached.,11.039999961853027,ArialMT,0,0,90.04473876953125,222.12083435058597,110.50627136230467,237.289794921875,7,Body
Milestones,12.0,Arial-Black,0,0,96.04060363769533,270.4200134277344,166.50340270996094,286.90802001953125,7,Body
1) A preliminary report will be issued during June 2003.,11.039999961853027,Arial-ItalicMT,0,1,108.04060363769533,301.1471862792969,371.49163818359375,316.0953369140625,7,Body
"2) It is expected that an Interim Report, suitable for distribution to the broader library",11.039999961853027,Arial-ItalicMT,0,1,108.04060363769533,325.7442932128906,525.2569580078125,340.69244384765625,7,Body
"community will be available by August 1, 2003 and that there will be an opportunity",11.039999961853027,Arial-ItalicMT,0,1,126.03580474853516,338.4623718261719,525.1746215820312,353.4105224609375,7,Body
for responses to be evaluated.,11.039999961853027,Arial-ItalicMT,0,1,126.03580474853516,351.0590209960937,269.5017395019531,366.0071716308594,7,Body
3) The business plan must be completed and approved by the ODL Steering Committee,11.039999961853027,Arial-ItalicMT,0,1,108.04060363769533,375.777587890625,525.2949829101562,390.7257385253906,7,Body
"no later than September 30, 2003.",11.039999961853027,Arial-ItalicMT,0,1,126.03580474853516,388.3742370605469,287.9087219238281,403.3223876953125,7,Body
Approach and Specific Proposal Requirements,12.0,Arial-Black,0,0,99.52059936523438,423.8999938964844,387.1653442382813,440.3880004882813,7,Body
The firm/consultant  (or proposed team of consultants)  will be expected to work closely with,11.039999961853027,ArialMT,0,0,90.04060363769531,454.6919860839844,183.030517578125,469.8609619140625,7,Body
the ODL Steering Committee. Terms of reference for the Committee are in the appendix.,11.039999961853027,ArialMT,0,0,90.04058837890625,467.2886352539063,525.1207275390625,482.4576110839844,7,Body
"Given the consultative nature of this business planning process, the firm/consultant will also",11.039999961853027,ArialMT,0,0,90.04058837890625,480.0067138671875,524.96240234375,495.1756896972656,7,Body
be expected to travel and communicate regularly with various stakeholders as well as with,11.039999961853027,ArialMT,0,0,90.04058837890625,492.6033630371094,524.94580078125,507.7723388671875,7,Body
electronic resource publishers/vendors.,11.039999961853027,ArialMT,0,0,90.04058837890625,505.1999816894531,274.6471252441406,520.3689575195312,7,Body
The proposal should include the following information:,11.039999961853027,ArialMT,0,0,90.04058837890625,529.9186401367188,341.96990966796875,545.0875854492188,7,Body
a) name of the firm/consultant,11.039999961853027,ArialMT,0,0,108.0357894897461,554.5157470703125,249.2219390869141,569.6846923828125,7,Body
"b) names of those individuals who will be engaged in this project, their specific",11.039999961853027,ArialMT,0,0,108.03579711914062,567.2338256835938,471.3287963867188,582.4027709960938,7,Body
responsibilities on this project and relevant experience/qualifications,11.039999961853027,ArialMT,0,0,108.03579711914062,579.8304443359375,424.2580871582031,594.9993896484375,7,Body
c) description of similar engagements that highlight the firm’s experience in business,11.039999961853027,ArialMT,0,0,108.03579711914062,592.4270629882812,499.9095153808594,607.5960083007812,7,Body
planning and building stakeholder commitment,11.039999961853027,ArialMT,0,0,108.03579711914062,605.1451416015625,327.00738525390625,620.3140869140625,7,Body
d) references with details of work completed for these references,11.039999961853027,ArialMT,0,0,108.03579711914062,617.7417602539062,410.3861083984375,632.9107055664062,7,Body
"e) description of the approach that will be used for completing the business plan,",11.039999961853027,ArialMT,0,0,108.03579711914062,630.4598999023438,481.9085693359375,645.6288452148438,7,Body
including a timeline,11.039999961853027,ArialMT,0,0,108.03579711914062,643.0565185546875,199.81362915039065,658.2254638671875,7,Body
"f) cost to complete the study including estimated expenses (i.e.: travel, etc.) and payment",11.039999961853027,ArialMT,0,0,108.03579711914062,655.6531372070312,521.6646118164062,670.8220825195312,7,Body
structure,11.039999961853027,ArialMT,0,0,108.03579711914062,668.3712158203125,151.7552947998047,683.5401611328125,7,Body
RFP: To Develop the Ontario Digital Library Business Plan,7.559999942779541,Arial-BoldItalicMT,1,1,90.04060363769531,732.7681274414062,284.27362060546875,743.216064453125,7,Body
March 2003,7.559999942779541,Arial-BoldItalicMT,1,1,296.70526123046875,732.7681274414062,340.93426513671875,743.216064453125,7,Body
7777,9.0,Arial-BlackItalic,0,1,516.3976440429688,731.2498779296875,522.6436157226562,743.678955078125,7,Body
Evaluation and Awarding of Contract,12.0,Arial-Black,0,0,96.04060363769533,81.30001068115234,324.9814147949219,97.78800964355467,8,Body
The contract will be awarded to the bidder whose submission offers the best value; the contract will,11.039999961853027,ArialMT,0,0,90.04060363769531,120.97203063964844,523.8629760742188,136.1409912109375,8,Body
not necessarily be awarded to the lowest bidder. We reserve the right not to award the contract to,11.039999961853027,ArialMT,0,0,90.04060363769531,133.6901092529297,519.8972778320312,148.85906982421875,8,Body
any of the bidders responding to this RFP and we may seek further response.,11.039999961853027,ArialMT,0,0,90.04060363769531,146.28672790527344,432.4052734375,161.4556884765625,8,Body
"Specifically, proposals will be evaluated proposals according to the following criteria:",11.039999961853027,ArialMT,0,0,90.04060363769531,170.8838348388672,457.9752807617188,186.05279541015625,8,Body
Quality of the proposal /approach outlined for undertaking the business planning process,11.039999961853027,ArialMT,0,0,126.0420379638672,208.3204803466797,516.0352172851562,223.48944091796875,8,Body
Demonstrated experience,11.039999961853027,ArialMT,0,0,126.0420379638672,221.0385589599609,243.67320251464844,236.20751953125,8,Body
"Cost, including expenses",11.039999961853027,ArialMT,0,0,126.0420379638672,233.6351776123047,239.43614196777344,248.80413818359372,8,Body
Timeline and projected completion date,11.039999961853027,ArialMT,0,0,126.0420379638672,246.23179626464844,301.78662109375,261.4007568359375,8,Body
Other relevant factors as determined by the ODL Steering Committee,11.039999961853027,ArialMT,0,0,126.0420379638672,259.4356384277344,432.92425537109375,274.6046142578125,8,Body
Questions regarding this RFP should be directed by e-mail only to Michael Ridley,11.039999961853027,ArialMT,0,0,90.04060363769531,284.7503662109375,447.9630432128906,299.9193420410156,8,Body
(mridley@uoguelph.ca).,11.039999961853027,ArialMT,0,0,90.04060363769531,297.46844482421875,199.07711791992188,312.6374206542969,8,Body
Bidders are asked not to contact any other member of the ODL Catalyst Team or the ODL Steering,11.039999961853027,ArialMT,0,0,90.04060363769531,322.7831726074219,524.1807250976562,337.9521484375,8,Body
Committee.,11.039999961853027,ArialMT,0,0,90.04060363769531,335.3798217773437,144.33644104003906,350.5487976074219,8,Body
RFP: To Develop the Ontario Digital Library Business Plan,7.559999942779541,Arial-BoldItalicMT,1,1,90.04060363769531,732.7681274414062,284.27362060546875,743.216064453125,8,Body
March 2003,7.559999942779541,Arial-BoldItalicMT,1,1,296.70526123046875,732.7681274414062,340.93426513671875,743.216064453125,8,Body
8888,9.0,Arial-BlackItalic,0,1,516.3976440429688,731.2498779296875,522.6436157226562,743.678955078125,8,Body
Appendix A:  ODL Envisioned Phases & Funding,12.0,Arial-Black,0,0,90.04060363769531,107.8199691772461,383.5643005371094,124.30796813964844,9,Body
Phase I:  Business Planning,9.960000038146973,Arial-BoldMT,1,0,90.04049682617188,138.14248657226562,219.3949737548828,151.85740661621094,9,Body
Timeline:  March 2003 – September 2003,9.960000038146973,Arial-BoldMT,1,0,90.04049682617188,161.17996215820312,134.50889587402344,174.89488220214844,9,Body
"Funding Requested:  ~$100,000 jointly funded by stakeholder groups and the provincial government.",9.960000038146973,Arial-BoldMT,1,0,90.0405044555664,172.70370483398438,185.0708465576172,186.41868591308597,9,Body
Result:  The ODL business plan,9.960000038146973,Arial-BoldMT,1,0,90.0405044555664,195.6216735839844,124.90847778320312,209.3365936279297,9,Body
"The first phase will be to build the ODL business plan. This plan will clearly define the ODL’s services,",9.960000038146973,ArialMT,0,0,90.04049682617188,218.72885131835935,516.1898193359375,232.4138946533203,9,Body
"funding and governance structures, as well as implementation plans for 2003-2005. It will also secure",9.960000038146973,ArialMT,0,0,90.04049682617188,230.25259399414065,514.8093872070312,243.9376373291016,9,Body
the full commitment of all stakeholders and scope the operational plan for ODL for 2006 and beyond.,9.960000038146973,ArialMT,0,0,90.04049682617188,241.77633666992188,512.7042236328125,255.4613800048828,9,Body
"Given the number and diversity of stakeholders involved, the business planning process must be a fully",9.960000038146973,ArialMT,0,0,90.04049682617188,264.6943054199219,523.1757202148438,278.3793334960937,9,Body
consultative approach. To ensure that the planning results in a workable plan with the full commitment,9.960000038146973,ArialMT,0,0,90.04049682617188,276.218017578125,520.2825317382812,289.9030456542969,9,Body
"of all stakeholders it must have competent, dedicated staffing and monies for the travel and",9.960000038146973,ArialMT,0,0,90.04049682617188,287.7417297363281,472.8460388183594,301.4267578125,9,Body
communication components so critical in a consultative process.,9.960000038146973,ArialMT,0,0,90.04049682617188,299.26544189453125,361.2286987304688,312.9504699707031,9,Body
Phase II: Implementing and Transitioning,9.960000038146973,Arial-BoldMT,1,0,90.04049682617188,333.6374206542969,278.5185241699219,347.3523254394531,9,Body
Timeline:  April 2004 – December 2006,9.960000038146973,Arial-BoldMT,1,0,90.04049682617188,356.6748962402344,134.50889587402344,370.3898010253906,9,Body
Funding Requested:  Funding from other states and provinces suggest that the ODL could receive,9.960000038146973,Arial-BoldMT,1,0,90.04049682617188,368.1985778808594,185.0708465576172,381.91351318359375,9,Body
"funding of up to $50 Million (over 3 years). Funding to be provided partnership of government, library",9.960000038146973,Arial-ItalicMT,0,1,90.0405044555664,379.7222900390625,513.9328002929688,393.2081298828125,9,Body
stakeholders and other interested parties.,9.960000038146973,Arial-ItalicMT,0,1,90.04049682617188,391.1264953613281,266.22186279296875,404.6123352050781,9,Body
Result:  The ODL is implemented and validated,9.960000038146973,Arial-BoldMT,1,0,90.04049682617188,414.1639709472656,124.90846252441406,427.8788757324219,9,Body
The second phase will be to implement the ODL based on the business plan. This phase recognizes,9.960000038146973,ArialMT,0,0,90.04049682617188,437.2711791992188,524.7176513671875,450.9562072753906,9,Body
that for ODL to be optimally successful libraries must transition to a new way of doing business and,9.960000038146973,ArialMT,0,0,90.04049682617188,448.7948913574219,524.5623779296875,462.47991943359375,9,Body
providing services. The transition must occur while libraries continue to provide existing services and,9.960000038146973,ArialMT,0,0,90.04049682617188,460.1990966796875,524.6531372070312,473.8841247558594,9,Body
"respond to current challenges. This implementation phase will funded by a partnership of government,",9.960000038146973,ArialMT,0,0,90.04049682617188,471.7228088378906,524.8040771484375,485.4078369140625,9,Body
library stakeholders and other interested parties as a means to quickly jumpstart the ODL.,9.960000038146973,ArialMT,0,0,90.04049682617188,483.24652099609375,467.2760620117188,496.9315490722656,9,Body
The seed money requested will allow libraries to realign their budgets and services as the infrastructure,9.960000038146973,ArialMT,0,0,90.04049682617188,506.2839660644531,524.8434448242188,519.968994140625,9,Body
"and content of the ODL is created and secured.  Some of the funding will be new money, although there",9.960000038146973,ArialMT,0,0,90.04049682617188,517.688232421875,291.6278076171875,531.3732299804688,9,Body
is every indication that existing budgets and methods of operating may be modified as a result of,9.960000038146973,Arial-ItalicMT,0,1,90.04048156738281,529.1422119140625,524.8484497070312,542.6280517578125,9,Body
"recommendations . During this phase the polices, procedures, governance structures and accountability",9.960000038146973,Arial-ItalicMT,0,1,90.04048156738281,540.6658935546875,165.91075134277344,554.1517333984375,9,Body
"mechanisms of the ODL will be put in place. Pilot projects will be initiated, evaluated and expanded.",9.960000038146973,ArialMT,0,0,90.04048919677734,552.2593994140625,524.696044921875,565.9443969726562,9,Body
"Information resources will be identified, contracts for these resources will be negotiated and resources",9.960000038146973,ArialMT,0,0,90.04048919677734,563.7830810546875,524.6390991210938,577.4681396484375,9,Body
will be made deployed through the ODL. Regular evaluation during this phase will ensure the ODL is,9.960000038146973,ArialMT,0,0,90.04048919677734,575.3067626953125,524.6090698242188,588.9918212890625,9,Body
achieving its objectives and is accountable to its key communities.,9.960000038146973,ArialMT,0,0,90.04048919677734,586.8304443359375,368.5738830566406,600.5155029296875,9,Body
Phase III: Operating and Growing the ODL,9.960000038146973,Arial-BoldMT,1,0,90.04048919677734,609.6787109375,282.4637145996094,623.3936767578125,9,Body
Timeline:  January 2007 -,9.960000038146973,Arial-BoldMT,1,0,90.04048919677734,632.7161865234375,134.57164001464844,646.43115234375,9,Body
Funding:  $50 Million annually ($35 Million requested from government),9.960000038146973,Arial-BoldMT,1,0,90.04048156738281,644.2399291992188,133.73501586914062,657.9548950195312,9,Body
Result:  The ODL is fully operational and sustainable,9.960000038146973,Arial-BoldMT,1,0,90.04048919677734,667.157958984375,124.90945434570312,680.8729248046875,9,Body
In the third phase the ODL moves into the operational stage. Ontarians will experience the full benefits,9.960000038146973,ArialMT,0,0,90.05046081542969,690.26513671875,518.7088012695312,703.9501342773438,9,Body
of the initiative and libraries will consolidate support around the ODL to grow resources and extend,9.960000038146973,ArialMT,0,0,90.05046081542969,701.788818359375,503.4841003417969,715.473876953125,9,Body
RFP: To Develop the Ontario Digital Library Business Plan,7.559999942779541,Arial-BoldItalicMT,1,1,90.04060363769531,732.7681274414062,284.27362060546875,743.216064453125,9,Body
March 2003,7.559999942779541,Arial-BoldItalicMT,1,1,296.70526123046875,732.7681274414062,340.93426513671875,743.216064453125,9,Body
9999,9.0,Arial-BlackItalic,0,1,516.3976440429688,731.2498779296875,522.6436157226562,743.678955078125,9,Body
capabilities. The challenge is to secure resources sufficient to both sustain the original investments and,9.960000038146973,ArialMT,0,0,90.04060363769531,70.53298950195312,522.0426025390625,84.21803283691406,10,Body
to enhance the ODL.,9.960000038146973,ArialMT,0,0,90.04060363769531,82.05673217773438,180.27325439453125,95.74177551269533,10,Body
The ongoing funding of the ODL will be based on a partnership model involving all the key participants,9.960000038146973,ArialMT,0,0,90.04060363769531,104.97470092773438,518.4957275390625,118.65974426269533,10,Body
"(i.e. government, libraries, donors, public and private sectors). All participants (i.e. beneficiaries) are",9.960000038146973,ArialMT,0,0,90.04060363769531,116.49844360351562,506.7379455566406,130.18348693847656,10,Body
expected to make financial contributions to the ODL. It is important in achieving the full impact of the,9.960000038146973,ArialMT,0,0,90.0505599975586,128.02218627929688,509.2799072265625,141.7072296142578,10,Body
"ODL on Ontario’s economy, society and learning support that all library sectors are participants",9.960000038146973,ArialMT,0,0,90.0505599975586,139.54592895507812,488.20458984375,153.23097229003906,10,Body
"(university, colleges, public libraries and schools).",9.960000038146973,ArialMT,0,0,90.0505599975586,151.06967163085938,298.9916381835937,164.7547149658203,10,Body
"The proposed funding model requires a continuing government investment, but also recognizes that as",9.960000038146973,ArialMT,0,0,90.0505599975586,168.58920288085938,522.1561889648438,182.2743682861328,10,Body
the ODL matures a growing share of ODL funding will come from libraries and non-governmental,9.960000038146973,ArialMT,0,0,90.04060363769531,179.99337768554688,497.32073974609375,193.6784210205078,10,Body
sources. During the 3-year implementation phase (2004 – 2006) libraries will realign their budgets to,9.960000038146973,ArialMT,0,0,90.04060363769531,191.51712036132807,509.7257995605469,205.20216369628903,10,Body
enable ongoing funding contributions to ODL. During the same period ODL must build the proposed,9.960000038146973,ArialMT,0,0,90.04060363769531,203.04086303710935,509.2290954589844,216.7259063720703,10,Body
endowment and secure public and private sector gifts and/or in-kind contributions. The following chart,9.960000038146973,ArialMT,0,0,90.04060363769531,214.56460571289065,515.8046264648438,228.2496490478516,10,Body
outlines the model. This model is based on these assumptions:,9.960000038146973,ArialMT,0,0,90.04060363769531,226.08834838867188,355.93670654296875,239.7733917236328,10,Body
1. that ODL expenditures will increase by 50% over a 10 year period,9.960000038146973,ArialMT,0,0,108.03832244873048,243.6080017089844,403.3759765625,257.29302978515625,10,H1
2. that government funding will decrease from 70% to 45% during that 10 year period,9.960000038146973,ArialMT,0,0,108.03832244873048,261.0081481933594,473.2960510253906,274.69317626953125,10,H1
"3. that library contributions, endowment and gifts/in-kind funding will increase from 30% to 55%",9.960000038146973,ArialMT,0,0,108.03832244873048,278.5278015136719,514.0397338867188,292.2128295898437,10,H1
during the same period,9.960000038146973,ArialMT,0,0,126.0459976196289,290.051513671875,225.5484161376953,303.7365417480469,10,Body
OVERVIEW OF ODL FUNDING MODEL,9.960000038146973,Arial-BoldMT,1,0,245.80503845214844,319.025146484375,423.0115356445313,332.74005126953125,10,H1
Funding Source,12.0,Arial-BoldMT,1,0,114.40059661865234,342.1199951171875,205.6797790527344,358.6439819335937,10,H3
2007,12.0,Arial-BoldMT,1,0,313.360595703125,342.1199951171875,342.48699951171875,358.6439819335937,10,H3
2017,12.0,Arial-BoldMT,1,0,427.6005859375,342.1199951171875,456.7281799316406,358.6439819335937,10,H3
Government,9.960000038146973,ArialMT,0,0,114.40059661865234,356.7330017089844,169.78318786621094,370.41802978515625,10,Body
$35M (70%),9.960000038146973,ArialMT,0,0,300.4434509277344,356.7330017089844,354.970458984375,370.41802978515625,10,Body
$33.75M (45%),9.960000038146973,ArialMT,0,0,408.0612487792969,356.7330017089844,475.78326416015625,370.41802978515625,10,Body
Libraries,9.960000038146973,ArialMT,0,0,114.40060424804688,368.73480224609375,153.1629180908203,382.4198303222656,10,Body
$10M (20%),9.960000038146973,ArialMT,0,0,300.47332763671875,368.73480224609375,354.9844055175781,382.4198303222656,10,Body
$22.5M (30%),9.960000038146973,ArialMT,0,0,410.7205810546875,368.73480224609375,473.1448669433594,382.4198303222656,10,Body
Endowment,9.960000038146973,ArialMT,0,0,114.41058349609376,380.7366027832031,167.7473602294922,394.421630859375,10,Body
$4.5M (9%),9.960000038146973,ArialMT,0,0,301.7781066894531,380.7366027832031,353.5531921386719,394.421630859375,10,Body
$15M (20%),9.960000038146973,ArialMT,0,0,414.6846618652344,380.7366027832031,469.2355651855469,394.421630859375,10,Body
Gifts/In-Kind,9.960000038146973,ArialMT,0,0,114.41058349609376,392.7384033203125,168.96151733398438,406.4234313964844,10,Body
$0.5M (1%),9.960000038146973,ArialMT,0,0,301.79803466796875,392.7384033203125,353.5870056152344,406.4234313964844,10,Body
$3.75M (5%),9.960000038146973,ArialMT,0,0,413.389892578125,392.7384033203125,470.5801696777344,406.4234313964844,10,Body
TOTAL ANNUAL,9.960000038146973,Arial-BoldMT,1,0,114.41061401367188,404.6705017089844,195.06167602539065,418.3854064941406,10,H1
$50M,9.960000038146973,ArialMT,0,0,314.3277587890625,404.7402038574219,338.4608764648437,418.42523193359375,10,Body
$75M,9.960000038146973,ArialMT,0,0,428.5589904785156,404.7402038574219,452.6921081542969,418.42523193359375,10,Body
"While the private sector will be invited to participate in the ODL through the endowment, gifts and in-",9.960000038146973,ArialMT,0,0,90.0484619140625,439.7794799804688,506.9099426269531,453.4645080566406,10,Body
"kind contributions, the ODL will also explore compatible commercial services which leverage the reach",9.960000038146973,ArialMT,0,0,90.0484619140625,451.3031921386719,519.964111328125,464.98822021484375,10,Body
of the ODL and help to offset operating costs.,9.960000038146973,ArialMT,0,0,90.0484619140625,462.826904296875,282.5474853515625,476.5119323730469,10,Body
A $50M budget leverages the consortium buying power of the province’s libraries to secure the best,9.960000038146973,ArialMT,0,0,90.0484619140625,485.8643798828125,508.5277404785156,499.5494079589844,10,Body
"prices for information resources, the widest accessibility and the most favourable contracts. A budget of",9.960000038146973,ArialMT,0,0,90.0484619140625,497.2685852050781,523.3819580078125,510.95361328125,10,Body
this nature will ensure a core digital collection of sufficient scope and coverage to address a substantial,9.960000038146973,ArialMT,0,0,90.0484619140625,508.7922668457031,521.0823364257812,522.477294921875,10,Body
amount of the wide and diverse information and learning needs of the citizens of Ontario (an overview,9.960000038146973,ArialMT,0,0,90.0484619140625,520.3160400390625,516.818115234375,534.0010375976562,10,Body
of the nature of the ODL digital collection is appended).  The proposed ODL expenditures in 2006,9.960000038146973,ArialMT,0,0,90.0484619140625,531.8397216796875,322.5836181640625,545.5247802734375,10,Body
represent an investment of $5.00 per citizen.,9.960000038146973,Arial-BoldItalicMT,1,1,90.04847717285156,543.3833618164062,292.14581298828125,557.1480712890625,10,Body
It is important to recognize that every new dollar per citizen invested in the Ontario Digital Library has a,9.960000038146973,ArialMT,0,0,90.04847717285156,566.2813720703125,520.5254516601562,579.9664306640625,10,Body
double benefit: it supports a province-wide library of high quality information resources and it,9.960000038146973,ArialMT,0,0,90.04847717285156,577.8050537109375,476.7159729003906,591.4901123046875,10,Body
strengthens every local library in Ontario by allowing them to reinvest existing dollars in new resources,9.960000038146973,ArialMT,0,0,90.04847717285156,589.328857421875,519.1365356445312,603.0138549804688,10,Body
that enhance local services.  This multiplier means that for every dollar invested in ODL the return,9.960000038146973,ArialMT,0,0,90.04847717285156,600.8525390625,209.14720153808597,614.53759765625,10,Body
on investment is worth $2 of value for Ontario.,9.960000038146973,Arial-BoldItalicMT,1,1,90.04847717285156,612.3961791992188,301.64569091796875,626.160888671875,10,Body
RFP: To Develop the Ontario Digital Library Business Plan,7.559999942779541,Arial-BoldItalicMT,1,1,90.04060363769531,732.7681274414062,284.27362060546875,743.216064453125,10,Body
March 2003,7.559999942779541,Arial-BoldItalicMT,1,1,296.70526123046875,732.7681274414062,340.93426513671875,743.216064453125,10,Body
10,9.0,Arial-BlackItalic,0,1,511.1205139160156,731.2498779296875,522.6431884765625,743.4359130859375,10,Body
10,9.0,Arial-BlackItalic,0,1,510.8775024414063,731.492919921875,522.4002075195312,743.678955078125,10,Body
10,9.0,Arial-BlackItalic,0,1,511.1178283691406,731.492919921875,522.6405029296875,743.678955078125,10,Body
10,9.0,Arial-BlackItalic,0,1,510.8775024414063,731.2498779296875,522.4002075195312,743.4359130859375,10,Body
Appendix B:,12.0,Arial-Black,0,0,96.04060363769533,92.8199691772461,173.52822875976562,109.30796813964844,11,Body
ODL Steering Committee Terms of Reference,12.0,Arial-Black,0,0,198.0190277099609,92.8199691772461,477.8676452636719,109.30796813964844,11,Body
1. Preamble,9.960000038146973,Arial-BoldMT,1,0,90.04060363769531,135.14248657226562,146.07159423828125,148.85740661621094,11,H1
Implementation of the Ontario Digital Library (ODL) requires a detailed business plan to be developed,9.960000038146973,ArialMT,0,0,95.7974853515625,158.24966430664062,521.7574462890625,171.93470764160156,11,Body
and supported by its diverse stakeholder communities (see:  www.odl.on.ca ).  The business,9.960000038146973,ArialMT,0,0,95.7974853515625,169.65383911132812,347.4947814941406,183.33888244628903,11,Body
"development planning and commitment process will be overseen by a Steering Committee, who are",9.960000038146973,ArialMT,0,0,95.79751586914062,181.17758178710935,516.0592651367188,194.8626251220703,11,Body
accountable to potential ODL funders including  the Province of Ontario.,9.960000038146973,ArialMT,0,0,95.79751586914062,192.70132446289065,398.55560302734375,206.3863677978516,11,Body
2. Terms of Reference,9.960000038146973,Arial-BoldMT,1,0,90.04063415527344,215.66909790039065,191.93246459960935,229.38401794433597,11,H1
"In broad terms, the ODL Business Plan Steering Committee is responsible for development of the",9.960000038146973,ArialMT,0,0,95.79751586914062,238.65676879882807,505.89752197265625,252.34181213378903,11,Body
"business plan, securing sector support, and management of the planners and process.  Specific",9.960000038146973,ArialMT,0,0,95.79751586914062,250.18051147460935,498.8059387207031,263.86553955078125,11,Body
responsibilities include:,9.960000038146973,ArialMT,0,0,95.79751586914062,261.7042541503906,195.0090484619141,275.3892822265625,11,Body
"2.1 developing a detailed business plan for the three-year implementation phase of the ODL, including",9.960000038146973,ArialMT,0,0,95.79751586914062,284.7417297363281,524.6273193359375,298.4267578125,11,H2
"governance, management, funding model and structure, organizational structure, marketing,",9.960000038146973,ArialMT,0,0,131.79295349121094,296.1459350585937,519.9197998046875,309.8309631347656,11,Body
"staffing, and evaluation;",9.960000038146973,ArialMT,0,0,131.79295349121094,307.6696472167969,233.80723571777344,321.35467529296875,11,Body
"2.2 consulting with and reporting to stakeholder communities, to ensure open, consistent and two-way",9.960000038146973,ArialMT,0,0,95.79751586914062,319.193359375,523.9000854492188,332.8783874511719,11,H2
"communication, and to ensure meaningful opportunities for stakeholder input into decision-",9.960000038146973,ArialMT,0,0,131.79295349121094,330.7170715332031,510.3665161132813,344.402099609375,11,Body
making;,9.960000038146973,ArialMT,0,0,131.79295349121094,342.24078369140625,167.9178924560547,355.9258117675781,11,Body
2.3 recruiting and managing the business planner(s);,9.960000038146973,ArialMT,0,0,95.79751586914062,353.7644958496094,319.1125793457031,367.4495239257813,11,H2
"2.4 defining terms of reference and resource parameters for business planner(s), and authorizing",9.960000038146973,ArialMT,0,0,95.79751586914062,365.168701171875,503.0669250488281,378.8537292480469,11,H2
expenditures;,9.960000038146973,ArialMT,0,0,131.79295349121094,376.6924133300781,191.2910003662109,390.37744140625,11,Body
2.5 serving as a focus group for business planner(s) to test ideas;,9.960000038146973,ArialMT,0,0,95.79751586914062,388.2161254882813,371.3301086425781,401.9011535644531,11,H2
2.6 providing signoff for business planner(s) at key decision points of business plan development;,9.960000038146973,ArialMT,0,0,95.79751586914062,399.7398376464844,504.5338134765625,413.42486572265625,11,H2
"2.7 securing commitment from library, government, and institutional stakeholders for implementation",9.960000038146973,ArialMT,0,0,95.79751586914062,411.2635498046875,516.1320190429688,424.9485778808594,11,H2
of the business plan;,9.960000038146973,ArialMT,0,0,131.79295349121094,422.7872619628906,220.98675537109372,436.4722900390625,11,Body
2.8 presenting the business plan to funders,9.960000038146973,ArialMT,0,0,95.79751586914062,434.19146728515625,278.97784423828125,447.8764953613281,11,H2
2.9 undertaking advocacy efforts to promote the ODL to the broader communities including library,9.960000038146973,ArialMT,0,0,95.79751586914062,445.7151794433594,508.576416015625,459.4002075195313,11,H2
and education communities.,9.960000038146973,ArialMT,0,0,131.79295349121094,457.2388916015625,252.490234375,470.9239196777344,11,Body
3. Membership,9.960000038146973,Arial-BoldMT,1,0,90.03067016601562,480.2066650390625,159.62416076660156,493.9215698242188,11,H1
"Each of the four sectors, Schools, Colleges, Universities, and Public Libraries can appoint up to two",9.960000038146973,ArialMT,0,0,95.7875518798828,503.1943664550781,512.9511108398438,516.87939453125,11,Body
representatives to the steering committee,9.960000038146973,ArialMT,0,0,95.7875518798828,514.718017578125,271.6521911621094,528.403076171875,11,Body
3.1 Schools:,9.960000038146973,ArialMT,0,0,95.7875518798828,537.7554931640625,150.50778198242188,551.4405517578125,11,H2
- Ontario School Library Association (OSLA) and The Association of Library Consultants and,9.960000038146973,ArialMT,0,0,126.02610778808594,549.2791748046875,514.9027709960938,562.9642333984375,11,Body
Coordinators of Ontario (TALCO)  ( Executive Council of OSLA to name representative in,9.960000038146973,ArialMT,0,0,126.02610778808594,560.56396484375,273.4959716796875,574.2489624023438,11,Body
consultation with TALCO ),9.960000038146973,Arial-ItalicMT,0,1,126.02609252929688,572.137451171875,230.3870391845703,585.623291015625,11,Body
3.2 Universities:,9.960000038146973,ArialMT,0,0,95.78753662109376,583.7308349609375,165.38002014160156,597.4158935546875,11,H2
- Ontario Council of University Libraries (OCUL) ( OCUL to name ),9.960000038146973,ArialMT,0,0,126.02609252929688,595.1351318359375,331.09356689453125,608.8201293945312,11,Body
3.3 Colleges:,9.960000038146973,ArialMT,0,0,95.78753662109376,606.7783203125,153.61927795410156,620.46337890625,11,H2
"- Bibliocentre, and Heads of Libraries and Learning Resources (UAG and HLLR  to name )",9.960000038146973,ArialMT,0,0,126.02609252929688,618.1824951171875,461.796630859375,631.8675537109375,11,Body
3.4 Public libraries:,9.960000038146973,ArialMT,0,0,95.77761840820312,629.7061767578125,177.75045776367188,643.3912353515625,11,H2
"- Administrators of Medium-sized Public Libraries of Ontario (AMPLO), Administrators of Rural",9.960000038146973,ArialMT,0,0,126.01617431640624,641.22998046875,521.3485107421875,654.9149780273438,11,Body
"Urban Public Libraries of Ontario (ARUPLO), Administrators of Small Public Libraries of",9.960000038146973,ArialMT,0,0,126.01616668701172,652.753662109375,493.47271728515625,666.438720703125,11,Body
Ontario (ASPLO) and Chief Executives of Large-sized Public Libraries of Ontario (CELPLO),9.960000038146973,ArialMT,0,0,126.01616668701172,664.27734375,511.8634643554688,677.96240234375,11,Body
"( Executives of AMPLO, ARUPLO, ASPLO and CELPLO to name )",9.960000038146973,ArialMT,0,0,126.01616668701172,675.6815185546875,129.3328399658203,689.3665771484375,11,Body
RFP: To Develop the Ontario Digital Library Business Plan,7.559999942779541,Arial-BoldItalicMT,1,1,90.04060363769531,732.7681274414062,284.27362060546875,743.216064453125,11,Body
March 2003,7.559999942779541,Arial-BoldItalicMT,1,1,296.70526123046875,732.7681274414062,340.93426513671875,743.216064453125,11,Body
11,9.0,Arial-BlackItalic,0,1,511.1205139160156,731.2498779296875,522.6431884765625,743.4359130859375,11,Body
11,9.0,Arial-BlackItalic,0,1,510.8775024414063,731.492919921875,522.4002075195312,743.678955078125,11,Body
11,9.0,Arial-BlackItalic,0,1,511.1178283691406,731.492919921875,522.6405029296875,743.678955078125,11,Body
11,9.0,Arial-BlackItalic,0,1,510.8775024414063,731.2498779296875,522.4002075195312,743.4359130859375,11,Body
3.5 Ontario Library Association representative (ex-officio)  ( OLA to appoint one representative ),9.960000038146973,ArialMT,0,0,95.81950378417967,70.44259643554688,341.75372314453125,84.12770080566406,12,H2
- Role of the OLA ex-officio member: To act as a liaison between the steering committee and,9.960000038146973,ArialMT,0,0,126.06802368164062,82.08590698242188,518.1294555664062,95.7709503173828,12,Body
"the OLA Board, and to assist the chair with the administrative responsibilities connected with",9.960000038146973,ArialMT,0,0,126.0680160522461,93.60964965820312,513.8656005859375,107.29469299316406,12,Body
"the preparation of the business plan, finance, and communications.",9.960000038146973,ArialMT,0,0,126.0680160522461,105.01382446289062,409.20904541015625,118.69886779785156,12,Body
"3.6 It is anticipated that as planning for the ODL evolves, the Steering Committee may, at its",9.960000038146973,ArialMT,0,0,95.82945251464844,128.05130004882812,481.9786376953125,141.73634338378906,12,H2
"discretion, call on invited experts to advise on issues as required.",9.960000038146973,ArialMT,0,0,95.82945251464844,139.57504272460938,369.48431396484375,153.2600860595703,12,Body
4. Appointment Criteria and Process,9.960000038146973,Arial-BoldMT,1,0,90.07257080078124,162.54281616210938,264.40435791015625,176.2577362060547,12,H1
4.1,9.960000038146973,ArialMT,0,0,95.82945251464844,186.13803100585935,111.65988159179688,199.8230743408203,12,Body
Groups and organizations named in Section 3 above are responsible for appointing up to two,9.960000038146973,ArialMT,0,0,126.05805206298828,186.13803100585935,524.7545166015625,199.8230743408203,12,Body
representatives to the Steering Committee.,9.960000038146973,ArialMT,0,0,131.83485412597656,198.13980102539065,314.2373046875,211.8248443603516,12,Body
4.2,9.960000038146973,ArialMT,0,0,95.83941650390624,222.14340209960935,111.6728286743164,235.8284454345703,12,Body
Desired characteristics for steering committee appointees include:,9.960000038146973,ArialMT,0,0,126.0680160522461,222.14340209960935,404.1051940917969,235.8284454345703,12,Body
•,9.960000038146973,Symbol,0,0,108.08025360107422,246.91390991210935,115.15184783935548,259.89178466796875,12,Body
Strategic thinkers;,9.960000038146973,ArialMT,0,0,126.07797241210938,246.2665100097656,204.2460479736328,259.9515380859375,12,Body
•,9.960000038146973,Symbol,0,0,108.08025360107422,259.1547546386719,115.15184783935548,272.13262939453125,12,Body
Committed to the concept of multi-sector partnerships;,9.960000038146973,ArialMT,0,0,126.07797241210938,258.5073547363281,355.53045654296875,272.1923828125,12,Body
•,9.960000038146973,Symbol,0,0,108.08025360107422,271.27606201171875,115.15184783935548,284.2539367675781,12,Body
Knowledgeable about digital libraries and resources;,9.960000038146973,ArialMT,0,0,126.07797241210938,270.628662109375,347.58660888671875,284.3136901855469,12,Body
•,9.960000038146973,Symbol,0,0,108.08025360107422,283.51690673828125,115.15184783935548,296.4947814941406,12,Body
Knowledgeable about government structures;,9.960000038146973,ArialMT,0,0,126.07797241210938,282.8695068359375,319.68035888671875,296.5545349121094,12,Body
•,9.960000038146973,Symbol,0,0,108.08025360107422,295.6382141113281,115.15184783935548,308.6160888671875,12,Body
Respected by their communities; influential;,9.960000038146973,ArialMT,0,0,126.07797241210938,294.9908142089844,310.63873291015625,308.67584228515625,12,Body
•,9.960000038146973,Symbol,0,0,108.08025360107422,307.759521484375,115.15184783935548,320.7373962402344,12,Body
Able to take a consultative approach;,9.960000038146973,ArialMT,0,0,126.07797241210938,307.11212158203125,283.5395812988281,320.7971496582031,12,Body
•,12.0,Symbol,0,0,108.04060363769533,319.9200134277344,116.56060028076172,335.5559997558594,12,Body
Able to devote time to Steering Committee business: approximately one day per month for,9.960000038146973,ArialMT,0,0,126.04060363769533,321.3330078125,505.7163391113281,335.0180358886719,12,Body
meetings plus 2-3 working days per month on related activities .,9.960000038146973,ArialMT,0,0,126.04060363769533,334.5299987792969,386.9964599609375,348.21502685546875,12,Body
5. Term,9.960000038146973,Arial-BoldMT,1,0,90.04049682617188,357.9825134277344,134.32762145996094,371.6974182128906,12,H1
Expected term on the Steering Committee is the time required to complete development of the,9.960000038146973,ArialMT,0,0,95.79737854003906,381.0897216796875,492.1771240234375,394.7747497558594,12,Body
business plan plus two months. This process is expected to take approximately 6 months.,9.960000038146973,ArialMT,0,0,95.79737854003906,392.4939270019531,475.7361450195313,406.178955078125,12,Body
6. Chair,9.960000038146973,Arial-BoldMT,1,0,90.04049682617188,415.4617004394531,135.04774475097656,429.1766052246094,12,H1
Chair will be appointed by the Board of the Ontario Library Association.,9.960000038146973,ArialMT,0,0,95.79737854003906,438.5689086914063,412.59326171875,452.2539367675781,12,Body
Role of the Chair:,9.960000038146973,ArialMT,0,0,95.79737854003906,463.7677001953125,171.77919006347656,477.4527282714844,12,Body
In addition to the characteristics for appointees (4.2) the role of the chair will be as a process agent,9.960000038146973,ArialMT,0,0,95.79737854003906,486.80517578125,508.8541564941406,500.4902038574219,12,Body
"working with the selected consultant(s), OLA, and the Steering Committee to prepare the business",9.960000038146973,ArialMT,0,0,95.79737854003906,498.3288879394531,509.135009765625,512.013916015625,12,Body
plan. The chair must be able to devote 5-8 days per month on activities related to the preparation of,9.960000038146973,ArialMT,0,0,95.79737854003906,509.8525695800781,515.5482177734375,523.53759765625,12,Body
"the business plan, and communications to stakeholders, funders, and government.",9.960000038146973,ArialMT,0,0,95.79737854003906,521.3763427734375,444.13421630859375,535.0613403320312,12,Body
7. Meetings,9.960000038146973,Arial-BoldMT,1,0,90.04049682617188,544.2245483398438,152.2098388671875,557.9395141601562,12,H1
It is expected that in person meetings are held once per month and the majority of business will be,9.960000038146973,ArialMT,0,0,95.79737854003906,567.331787109375,508.51556396484375,581.0167846679688,12,Body
"conducted by e-mail, and teleconference.",9.960000038146973,ArialMT,0,0,95.79737854003906,578.85546875,271.4668884277344,592.54052734375,12,Body
8. Lines of Accountability and Communication,9.960000038146973,Arial-BoldMT,1,0,90.04049682617188,601.7036743164062,309.5458984375,615.4186401367188,12,H1
"8.1 The Steering Committee is accountable to the Province of Ontario, and to its business plan",9.960000038146973,ArialMT,0,0,95.79737854003906,624.8109130859375,493.0180969238281,638.4959716796875,12,H2
funders.,9.960000038146973,ArialMT,0,0,131.79281616210938,636.3345947265625,168.74737548828125,650.0196533203125,12,Body
8.2 The role of the Ontario Library Association is to assume responsibility for  funds contributed by the,9.960000038146973,ArialMT,0,0,95.79737854003906,659.3720703125,522.4454956054688,673.05712890625,12,H2
"ODL funders to finance the business plan, to hold the funds in a separate account, and",9.960000038146973,ArialMT,0,0,131.79281616210938,670.7762451171875,496.6365661621094,684.4613037109375,12,Body
disperse them for purposes as  directed by the Steering Committee. OLA will provide,9.960000038146973,ArialMT,0,0,131.79281616210938,682.300048828125,490.8807373046875,695.9850463867188,12,Body
financial reports to the Steering Committee as requested and shall comply with all,9.960000038146973,ArialMT,0,0,131.79281616210938,693.82373046875,474.763427734375,707.5087890625,12,Body
government reporting regulations for funds received.,9.960000038146973,ArialMT,0,0,131.79281616210938,705.347412109375,353.40380859375,719.032470703125,12,Body
RFP: To Develop the Ontario Digital Library Business Plan,7.559999942779541,Arial-BoldItalicMT,1,1,90.04060363769531,732.7681274414062,284.27362060546875,743.216064453125,12,Body
March 2003,7.559999942779541,Arial-BoldItalicMT,1,1,296.70526123046875,732.7681274414062,340.93426513671875,743.216064453125,12,Body
12,9.0,Arial-BlackItalic,0,1,511.1205139160156,731.2498779296875,522.6431884765625,743.4359130859375,12,Body
12,9.0,Arial-BlackItalic,0,1,510.8775024414063,731.492919921875,522.4002075195312,743.678955078125,12,Body
12,9.0,Arial-BlackItalic,0,1,511.1178283691406,731.492919921875,522.6405029296875,743.678955078125,12,Body
12,9.0,Arial-BlackItalic,0,1,510.8775024414063,731.2498779296875,522.4002075195312,743.4359130859375,12,Body
8.3 The Steering Committee is accountable to its constituent groups and other stakeholders for,9.960000038146973,ArialMT,0,0,95.80059814453124,82.07662963867188,494.2932434082031,95.7616729736328,13,H2
ongoing communications and consultation on issues and progress.  The Steering committee,9.960000038146973,ArialMT,0,0,131.80599975585938,93.60037231445312,519.8076782226562,107.28541564941406,13,Body
is responsible for strong liaison with government particularly the Chief Information Officer,9.960000038146973,ArialMT,0,0,131.80599975585938,105.00454711914062,503.9737854003906,118.68959045410156,13,Body
"Community Services Cluster, ADM’s and Deputy Ministers.",9.960000038146973,ArialMT,0,0,131.80599975585938,116.52828979492188,381.4254760742188,130.2133331298828,13,Body
9. Financial and Administrative Policies,9.960000038146973,Arial-BoldMT,1,0,90.04371643066406,139.49606323242188,278.2687683105469,153.2109832763672,13,H1
9.1 Service on the Steering Committee is non-remunerative,9.960000038146973,ArialMT,0,0,95.81055450439452,162.60324096679688,347.0614318847656,176.2882843017578,13,H2
9.2 Travel and meeting expenses for Steering Committee members are reimbursed according to the,9.960000038146973,ArialMT,0,0,95.81055450439452,174.00741577148438,516.9402465820312,187.6924591064453,13,H2
policies of the Ontario Library Association,9.960000038146973,ArialMT,0,0,131.81594848632812,185.5311584472656,307.60113525390625,199.21620178222656,13,Body
9.3 Conflict of Interest:,9.960000038146973,ArialMT,0,0,95.810546875,197.05490112304688,192.28309631347656,210.7399444580078,13,H2
The ODL Steering Committee will function according to standard conflict of interest guidelines,9.960000038146973,ArialMT,0,0,126.04910278320312,208.57864379882807,518.7399291992188,222.26368713378903,13,Body
"ensuring that members,  their immediate family members, or their places of employment, will",9.960000038146973,ArialMT,0,0,126.04910278320312,220.10232543945312,514.6304931640625,233.7874298095703,13,Body
not benefit financially from the decisions  the Steering Committee might make. As a first,9.960000038146973,ArialMT,0,0,126.0490951538086,231.6260681152344,501.2004699707031,245.3111114501953,13,Body
"order of business, the Steering Committee will be expected to adopt a conflict of interest policy",9.960000038146973,ArialMT,0,0,126.0490951538086,243.03024291992188,522.1334228515625,256.7152709960937,13,Body
statement and procedural guidelines that will govern its work.,9.960000038146973,ArialMT,0,0,126.0490951538086,254.55398559570312,383.6417236328125,268.239013671875,13,Body
RFP: To Develop the Ontario Digital Library Business Plan,7.559999942779541,Arial-BoldItalicMT,1,1,90.04060363769531,732.7681274414062,284.27362060546875,743.216064453125,13,Body
March 2003,7.559999942779541,Arial-BoldItalicMT,1,1,296.70526123046875,732.7681274414062,340.93426513671875,743.216064453125,13,Body
13,9.0,Arial-BlackItalic,0,1,511.1205139160156,731.2498779296875,522.6431884765625,743.4359130859375,13,Body
13,9.0,Arial-BlackItalic,0,1,510.8775024414063,731.492919921875,522.4002075195312,743.678955078125,13,Body
13,9.0,Arial-BlackItalic,0,1,511.1178283691406,731.492919921875,522.6405029296875,743.678955078125,13,Body
13,9.0,Arial-BlackItalic,0,1,510.8775024414063,731.2498779296875,522.4002075195312,743.4359130859375,13,Body
Appendix C:,12.0,Arial-Black,0,0,96.04060363769533,92.8199691772461,173.50660705566406,109.30796813964844,14,Body
ODL’s Envisioned Electronic Resources,12.0,Arial-Black,0,0,198.00100708007807,92.8199691772461,440.5715942382813,109.30796813964844,14,Body
The purpose of the ODL is to provide equal access to information for all Ontario citizens through,9.960000038146973,ArialMT,0,0,96.04039764404295,135.21267700195312,498.67327880859375,148.89772033691406,14,Body
collaboration and resource sharing. ODL will be a portal - capable of customization as,9.960000038146973,ArialMT,0,0,96.04039764404295,146.73641967773438,455.9161376953125,160.4214630126953,14,Body
"a home page for local libraries - to organized, comprehensive, authoritative and validated",9.960000038146973,ArialMT,0,0,96.04039764404295,158.26016235351562,469.76959228515625,171.94520568847656,14,Body
e-information resources to meet the needs of all Ontario citizens at all stages and in all aspects,9.960000038146973,ArialMT,0,0,96.04039764404295,169.66433715820312,493.8921813964844,183.3493804931641,14,Body
"of their education, life and work. Some examples:",9.960000038146973,ArialMT,0,0,96.04039764404295,181.1880798339844,305.2582092285156,194.8731231689453,14,Body
1. Reference Resources,9.960000038146973,ArialMT,0,0,96.04039764404295,204.22555541992188,201.07159423828125,217.9105987548828,14,H1
"- directories: companies, associations, organizations, governments, educational institutions,",9.960000038146973,ArialMT,0,0,96.04039764404295,227.26303100585935,480.20159912109375,240.9480743408203,14,Body
etc. etc.,9.960000038146973,ArialMT,0,0,96.04039764404295,238.66720581054688,131.5697021484375,252.3522491455078,14,Body
"- almanacs, country information",9.960000038146973,ArialMT,0,0,96.04039764404295,250.19094848632807,230.4466857910156,263.8759765625,14,Body
"- dictionaries, thesauri, encyclopedias",9.960000038146973,ArialMT,0,0,96.04039764404295,261.7146911621094,255.69918823242188,275.39971923828125,14,Body
-consumer information,9.960000038146973,ArialMT,0,0,96.04039764404295,273.2384033203125,193.0189514160156,286.9234313964844,14,Body
"- phone books,",9.960000038146973,ArialMT,0,0,96.04039764404295,284.7621154785156,161.5692138671875,298.4471435546875,14,Body
"- travel guides, entertainment guides",9.960000038146973,ArialMT,0,0,96.04039764404295,296.16632080078125,253.7978973388672,309.8513488769531,14,Body
- weather information,9.960000038146973,ArialMT,0,0,96.04039764404295,307.6900329589844,187.4901428222656,321.37506103515625,14,Body
- media/newspapers,9.960000038146973,ArialMT,0,0,96.04039764404295,319.2137451171875,184.3158721923828,332.8987731933594,14,Body
"- leisure time, recreational activity guides",9.960000038146973,ArialMT,0,0,96.04039764404295,330.7374572753906,268.2905578613281,344.4224853515625,14,Body
- indexing and abstracting services,9.960000038146973,ArialMT,0,0,96.04039764404295,342.2611694335937,243.8995513916016,355.9461975097656,14,Body
"- currency converters,",9.960000038146973,ArialMT,0,0,96.04039764404295,353.7848815917969,190.0030517578125,367.4699096679688,14,Body
- virtual reference services,9.960000038146973,ArialMT,0,0,96.04039764404295,365.1890869140625,209.0117034912109,378.8741149902344,14,Body
-vocational/career information,9.960000038146973,ArialMT,0,0,96.04039764404295,376.7127990722656,223.0035400390625,390.3978271484375,14,Body
-internet search engines,9.960000038146973,ArialMT,0,0,96.04039764404295,388.2365112304688,200.0148162841797,401.9215393066406,14,Body
-current awareness services,9.960000038146973,ArialMT,0,0,96.04039764404295,399.7602233886719,217.03160095214844,413.44525146484375,14,Body
2. Subject Guides,9.960000038146973,ArialMT,0,0,96.03853607177734,422.7976989746094,173.389892578125,436.4827270507813,14,H1
-arts and humanities,9.960000038146973,ArialMT,0,0,96.03853607177734,445.7156677246094,184.2880859375,459.4006958007813,14,Body
- business and economics,9.960000038146973,ArialMT,0,0,96.03853607177734,457.2393798828125,208.5346221923828,470.9244384765625,14,Body
- education,9.960000038146973,ArialMT,0,0,96.0404052734375,468.76312255859375,145.36233520507812,482.4481506347656,14,Body
-recreation and sports,9.960000038146973,ArialMT,0,0,96.0404052734375,480.2868347167969,190.40936279296875,493.9718627929688,14,Body
"-entertainment - games, activities for kids",9.960000038146973,ArialMT,0,0,96.0404052734375,491.6910400390625,270.5028381347656,505.3761291503906,14,Body
-health information,9.960000038146973,ArialMT,0,0,96.0404052734375,503.2148132324219,176.79708862304688,516.8998413085938,14,Body
-science and technology,9.960000038146973,ArialMT,0,0,96.0404052734375,514.738525390625,200.96304321289065,528.423583984375,14,Body
-social sciences,9.960000038146973,ArialMT,0,0,96.0404052734375,526.26220703125,165.31320190429688,539.947265625,14,Body
-society and culture,9.960000038146973,ArialMT,0,0,96.0404052734375,537.785888671875,180.4245147705078,551.470947265625,14,Body
3. Educational tool-kits,9.960000038146973,ArialMT,0,0,96.0404052734375,560.703857421875,193.4253387451172,574.388916015625,14,H1
"-guides to information gathering methodologies, information literacy",9.960000038146973,ArialMT,0,0,96.0404052734375,583.7413330078125,379.8836975097656,597.4263916015625,14,Body
-study guides,9.960000038146973,ArialMT,0,0,96.04039001464844,595.2650146484375,154.89105224609375,608.9500732421875,14,Body
-study skill development,9.960000038146973,ArialMT,0,0,96.04039001464844,606.788818359375,199.4899444580078,620.4738159179688,14,Body
-web-based curricula,9.960000038146973,ArialMT,0,0,96.04039001464844,618.3125,186.5120849609375,631.99755859375,14,Body
-internet search guides,9.960000038146973,ArialMT,0,0,96.04241180419922,629.716796875,194.62249755859372,643.4017944335938,14,Body
"4. Journals, books, maps, music etc.",9.960000038146973,ArialMT,0,0,96.04241180419922,652.7542724609375,251.58084106445312,666.4392700195312,14,H1
RFP: To Develop the Ontario Digital Library Business Plan,7.559999942779541,Arial-BoldItalicMT,1,1,90.04060363769531,732.7681274414062,284.27362060546875,743.216064453125,14,Body
March 2003,7.559999942779541,Arial-BoldItalicMT,1,1,296.70526123046875,732.7681274414062,340.93426513671875,743.216064453125,14,Body
14,9.0,Arial-BlackItalic,0,1,511.1205139160156,731.2498779296875,522.6431884765625,743.4359130859375,14,Body
14,9.0,Arial-BlackItalic,0,1,510.8775024414063,731.492919921875,522.4002075195312,743.678955078125,14,Body
14,9.0,Arial-BlackItalic,0,1,511.1178283691406,731.492919921875,522.6405029296875,743.678955078125,14,Body
14,9.0,Arial-BlackItalic,0,1,510.8775024414063,731.2498779296875,522.4002075195312,743.4359130859375,14,Body
